{"cameraMode":{"drawMode":0,"name":"Shaded","section":"Shading Mode"},"sceneLighting":false,"audioPlay":false,"sceneViewState":{"showFog":true,"showMaterialUpdate":false,"showSkybox":true,"showFlares":true,"showImageEffects":true,"showParticleSystems":true},"in2DMode":false,"pivot":{"x":-0.17874360084533692,"y":12.572239875793457,"z":50.00000762939453},"rotation":{"x":-0.18644921481609345,"y":0.6146383285522461,"z":-0.15257039666175843,"w":-0.7511183023452759},"size":45.82024002075195,"orthographic":false}