{"cameraMode":{"drawMode":0,"name":"Shaded","section":"Shading Mode"},"sceneLighting":false,"audioPlay":false,"sceneViewState":{"showFog":true,"showMaterialUpdate":false,"showSkybox":true,"showFlares":true,"showImageEffects":true,"showParticleSystems":true},"in2DMode":false,"pivot":{"x":-0.17874360084533692,"y":12.572242736816407,"z":2.6889753341674806},"rotation":{"x":-0.1772543340921402,"y":0.28533098101615908,"z":-0.05378349870443344,"w":-0.9403587579727173},"size":45.81853485107422,"orthographic":false}