{"cameraMode":{"drawMode":0,"name":"Shaded","section":"Shading Mode"},"sceneLighting":false,"audioPlay":false,"sceneViewState":{"showFog":true,"showMaterialUpdate":false,"showSkybox":true,"showFlares":true,"showImageEffects":true,"showParticleSystems":true},"in2DMode":false,"pivot":{"x":0.0,"y":0.4000000059604645,"z":0.5350000262260437},"rotation":{"x":0.2024518996477127,"y":-0.4546751379966736,"z":0.10694469511508942,"w":0.8607245087623596},"size":0.20208294689655305,"orthographic":false}